State,Avg_AQI,PM_2.5,PM_10,Nitrogen_dioxide,Sulphur_dioxide,Ground_ozone,Industrial_units,Green_cover_percent,Good_air_days,Poor_air_days,Region
J&K,81,36,60,25,15,40,100,50,290,10,North
Punjab,141,83,130,50,25,45,850,5,190,55,North
Haryana,140,83,125,45,20,40,750,5,195,60,North
Delhi,200,97,150,65,30,45,1100,15,95,160,North
Himachal Pradesh,90,20,40,20,10,35,200,30,300,6,North
Uttar Pradesh,150,85,135,55,25,45,2100,5,145,100,North
Bihar,140,82,130,50,25,40,900,10,180,70,East
Madhya Pradesh,110,45,80,30,15,35,550,25,225,32,North
Rajasthan,120,80,120,45,20,40,1400,5,220,40,West
Gujarat,140,70,100,40,20,35,1300,10,200,30,West
Maharashtra,100,40,70,25,15,35,1200,15,250,25,West
Karnataka,90,50,85,35,20,40,1750,20,290,8,South
Kerela,95,30,55,20,10,35,650,55,280,10,South
Tamil Nadu,90,35,60,30,20,35,1000,45,230,15,South
West Bengal,125,25,45,30,10,30,750,40,200,30,East
Odisha,120,40,65,25,15,35,900,35,215,45,East
Sikkim,54,15,35,15,10,30,150,50,350,1,Northeast
Arunachal,70,14,70,55,30,45,150,80,315,4,Northeast
Assam,110,50,80,30,15,40,500,35,230,30,Northeast
Meghalaya,60,45,75,25,10,35,300,75,340,2,Northeast
