State,Avg_AQI,PM_2.5,PM_10,Nitrogen_dioxide,Sulphur_dioxide,Ground_ozone,Industrial_units,Green_cover_percent,Good_air_days,Poor_air_days
J&K,81,36,60,25,15,40,100,50,290,10
Punjab,141,83,130,50,25,45,850,5,190,55
Haryana,140,83,125,45,20,40,750,5,195,60
Delhi,200,97,150,65,30,45,1100,15,95,160
Himachal Pradesh,90,20,40,20,10,35,200,30,300,6
Uttar Pradesh,150,85,135,55,25,45,2100,5,145,100
Bihar,140,82,130,50,25,40,900,10,180,70
Madhya Pradesh,110,45,80,30,15,35,550,25,225,32
Rajasthan,120,80,120,45,20,40,1400,5,220,40
Maharashtra,100,40,70,25,15,35,1200,15,250,25
Karnataka,90,50,85,35,20,40,1750,20,290,8
Kerela,95,30,55,20,10,35,650,55,280,10
Odisha,120,35,65,25,15,35,900,35,215,45
Sikkim,54,15,35,15,10,30,150,50,350,1
Arunachal,70,14,180,55,30,45,150,80,315,4
Assam,110,50,80,30,15,40,500,35,230,30
Meghalaya,60,45,75,25,10,35,300,75,340,2
